Card Number,Card Name,Generation,Edition,Card Kind,Rarity,Creature Type,Magic Type,Magic Subtype,Is Equip,Is Field,AL,HP,SPD,Attack Name,Attack Dice,Modifier,Raw Effect Text,Flavor Text,Image Source,Notes,Needs Review,Is Bonus Card
001,Dark Angel,3,1st Edition,CREATURE,Epic,Cosmic,,,FALSE,FALSE,7,70,7,Dark Wing,4,2,"While this card is on the field, your opponents’ creatures’ AL and SPD are reduced to 1, and cannot be increased.",,user-uploaded image,,TRUE,FALSE
002,Fire Eleotoid,3,1st Edition,CREATURE,Common,Elemental,,,FALSE,FALSE,4,20,7,Burning Grasp,1,0,"While this card is on the field, the magic card ""Forest Fire"" cannot be destroyed by its own effect.",,user-uploaded image,Specific named-card interaction with Forest Fire requires exact card reference and self-destruction prevention routing.,TRUE,FALSE
003,Enlightened Soul,3,1st Edition,CREATURE,Legendary,Cosmic,,,FALSE,FALSE,1,20,1,Upon High,1,1,"While this card is in your cemetery, reduce your cemetery by 40 HP.",,user-uploaded image,Cemetery HP reduction is an exception to normal inactive cemetery effects.,TRUE,FALSE
004,Repair Bear,3,1st Edition,MAGIC,Common,,Standard,None,FALSE,FALSE,,,,,,,Heal a creature on the field 15 HP.,,user-uploaded image,,FALSE,FALSE
005,Comodo,3,1st Edition,CREATURE,Common,Dragon,,,FALSE,FALSE,4,50,6,Flame Spin,2,2,,,user-uploaded image,,FALSE,FALSE
006,Ball Demon,3,1st Edition,MAGIC,Uncommon,,Infinite,Equip,TRUE,FALSE,,,,,,,Inflict 2 damage to your opponent’s primary creature at the end of your turn. Atk: +2.,,user-uploaded image,End-turn recurring damage from an Infinite Equip requires turn trigger while equipped.,TRUE,FALSE
007,Steam Knight Blaster,3,1st Edition,MAGIC,Uncommon,,Infinite,Equip,TRUE,FALSE,,,,,,,"The equipped creature loses its effect. Replace its base Atk Dice Rolls and Modifier with Proto Blast, 3 dice, +3.",,user-uploaded image,Replaces base attack profile and suppresses equipped creature effect.,TRUE,FALSE
008,Cybernetic Upgrade,3,1st Edition,MAGIC,Legendary,,Lightning,Equip,TRUE,FALSE,,,,,,,During your opponent’s battle play this card. Send this card to the cemetery at the end of that battle. Atk: +30. Hit: +10. AL: +12.,,user-uploaded image,Lightning Equip with battle timing and automatic end-of-battle cleanup.,TRUE,FALSE
009,Hoggan,3,1st Edition,CREATURE,Rare,Beast,,,FALSE,FALSE,1,20,2,Dark Wave,4,5,"At the beginning of your opponent’s battle, play this card from your hand as a Limited Summon. Your opponent must battle this card in place of your primary creature. This card can be damaged as a Limited Summon. Send this card to your cemetery after battle.",,user-uploaded image,Limited Summon can receive damage and redirects battle from primary creature.,TRUE,FALSE
010,Fazard,3,1st Edition,CREATURE,Epic,Cosmic,,,FALSE,FALSE,12,100,10,Demi Claw,4,5,"While this card is on the field, Standard magic cards cannot be played.",,user-uploaded image,,TRUE,FALSE
011,Mr. Evil,3,1st Edition,MAGIC,Common,,Infinite,Equip,TRUE,FALSE,,,,,,,AL: +3. Hit: +3.,,user-uploaded image,,FALSE,FALSE
012,Crow,3,1st Edition,CREATURE,Common,Beast,,,FALSE,FALSE,1,10,11,Corvus Caw,1,1,"Summon Requirement: You may summon this creature normally, or Limited Summon it if your primary creature has ""Crow"" in its name. If your primary creature leaves the field or changes control, return this card to your hand.",,user-uploaded image,Conditional Limited Summon and cleanup tied to primary creature state.,TRUE,FALSE
013,Steam Powered Girl,3,1st Edition,MAGIC,Epic,,Standard,Equip,TRUE,FALSE,,,,,,,"For 1 turn cycle, for every card in your hand, add Hit Dice Rolls +1 and Atk Dice Rolls +1.",,user-uploaded image,,TRUE,FALSE
014,Monster Armor,3,1st Edition,MAGIC,Rare,,Infinite,Equip,TRUE,FALSE,,,,,,,Atk: +3. Hit: +3. AL: +3. SPD: +3. Atk Dice Rolls: +1.,,user-uploaded image,,FALSE,FALSE
015,The Good Boy,3,1st Edition,MAGIC,Common,,Infinite,Field,FALSE,TRUE,,,,,,,This card only affects your primary creature. Atk: +1. Hit: +1. SPD: +1. AL: +1.,,user-uploaded image,,FALSE,FALSE
016,Exhaustion,3,1st Edition,MAGIC,Common,,Standard,Equip,TRUE,FALSE,,,,,,,Reduce the target creature’s Hit and Atk Modifier to 0 for 1 turn cycle.,,user-uploaded image,,TRUE,FALSE
017,Shield of Light,3,1st Edition,MAGIC,Epic,,Infinite,Equip,TRUE,FALSE,,,,,,,Roll 1 die prior to any damage the equipped creature receives. If the result is: 1-2: Heal for the damage instead. 3-4: Receive damage as normal. 5-6: Destroy this card.,,user-uploaded image,Damage replacement roll table before any damage.,TRUE,FALSE
018,Enchantment,3,1st Edition,MAGIC,Uncommon,,Lightning,None,FALSE,FALSE,,,,,,,"If you miss your Hit Roll, play this card from your hand. Inflict 10 damage to the missed creature.",,user-uploaded image,,TRUE,FALSE
019,Hell Authority,3,1st Edition,MAGIC,Uncommon,,Standard,None,FALSE,FALSE,,,,,,,Your opponent cannot play magic cards for 1 turn cycle.,,user-uploaded image,,FALSE,FALSE
020,Witch’s Cabin,3,1st Edition,MAGIC,Uncommon,,Lightning,None,FALSE,FALSE,,,,,,,Play this card from your hand when your opponent draws a card. Send the drawn card to the bottom of their deck.,,user-uploaded image,,TRUE,FALSE
021,Possessed Dummy,3,1st Edition,MAGIC,Epic,,Lightning,Equip,TRUE,FALSE,,,,,,,"Play this card when your opponent sends a creature to their cemetery. Summon that creature as your Limited Summon. If this card or your primary creature is removed from the field, or this effect is negated, return it to their cemetery.",,user-uploaded image,Opponent-cemetery Limited Summon with source-linked cleanup and opponent ownership.,TRUE,FALSE
022,Shapeshifter,3,1st Edition,CREATURE,Legendary,Humanoid,,,FALSE,FALSE,4,60,7,Morph,4,1,"Prior to battle, choose 1 of the forms below for this battle. Eagle: +5 SPD. Deer: +3 Modifier. Bear: +4 Atk Dice Rolls. Turtle: +6 AL.",,user-uploaded image,,TRUE,FALSE
023,Order Knight,3,1st Edition,CREATURE,Uncommon,Humanoid,,,FALSE,FALSE,8,80,8,Upward Slash,3,3,,,user-uploaded image,,FALSE,FALSE
024,Mosquito Man,3,1st Edition,CREATURE,Rare,Bug,,,FALSE,FALSE,5,40,6,Blood Sucker,2,3,This creature heals for 1/2 of the Atk damage it inflicts during battle.,,user-uploaded image,,TRUE,FALSE
025,Wererabbit,3,1st Edition,CREATURE,Uncommon,Beast,,,FALSE,FALSE,6,50,10,Vicious Bite,1,7,,,user-uploaded image,,FALSE,FALSE
026,Cabal Warchief,3,1st Edition,CREATURE,Mythic,Humanoid,,,FALSE,FALSE,12,130,12,Carnage,5,5,"This creature may initiate battle twice during your turn. Your opponent can only return attack for 1 of these battles. This creature cannot change control, or be removed from the field unless killed.",,user-uploaded image,Multiple battles and partial return-attack restriction need custom combat support.,TRUE,FALSE
027,Doppelganger,3,1st Edition,MAGIC,Epic,,Infinite,Equip,TRUE,FALSE,,,,,,,Atk Dice Rolls: +2. Hit Dice Rolls: +2.,,user-uploaded image,,FALSE,FALSE
028,Catcow,3,1st Edition,MAGIC,Rare,,Infinite,Field,FALSE,TRUE,,,,,,,"For 2 turn cycles, all creatures switch their own base Atk Dice Rolls and Modifier.",,user-uploaded image,Switches each creature own base attack dice and modifier for 2 turn cycles.,TRUE,FALSE
029,Earth Eleotoid,3,1st Edition,CREATURE,Rare,Elemental,,,FALSE,FALSE,7,60,4,Stone Slide,2,3,"This card inflicts 2x Atk damage to creatures in or near fire, but receives 2x Atk damage from creatures in or near water.",,user-uploaded image,Uses environment/art-context conditions: in or near fire/water.,TRUE,FALSE
030,Owlet,3,1st Edition,CREATURE,Common,Beast,,,FALSE,FALSE,2,10,3,Baby Peck,1,0,,,user-uploaded image,,FALSE,FALSE
031,Orcs VS Apes,3,1st Edition,MAGIC,Common,,Infinite,Field,FALSE,TRUE,,,,,,,All creatures inflict 2x Atk damage to Humanoid-type creatures on the field.,,user-uploaded image,,FALSE,FALSE
032,Evolved Ape,3,1st Edition,CREATURE,Epic,Beast,,,FALSE,FALSE,7,100,5,Pummel,4,3,,,user-uploaded image,,FALSE,FALSE
033,Armored Assault,3,1st Edition,MAGIC,Common,,Infinite,Equip,TRUE,FALSE,,,,,,,SPD: +4. AL: +2.,,user-uploaded image,,FALSE,FALSE
034,Kappa King,3,1st Edition,CREATURE,Epic,Dinosaur,,,FALSE,FALSE,11,100,1,Shell Bash,4,2,,,user-uploaded image,,FALSE,FALSE
035,Dark Moon,3,1st Edition,MAGIC,Common,,Standard,Field,FALSE,TRUE,,,,,,,For 1 turn cycle your opponents’ creatures can only roll 1 Hit Die.,,user-uploaded image,,TRUE,FALSE
036,Ptera Man,3,1st Edition,CREATURE,Uncommon,Dinosaur,,,FALSE,FALSE,7,60,11,Primal Dive,1,9,,,user-uploaded image,,FALSE,FALSE
037,Galactic Suit,3,1st Edition,MAGIC,Legendary,,Infinite,Equip,TRUE,FALSE,,,,,,,"If your opponent misses their Hit Roll against the equipped creature, they must roll their Atk Roll against their primary creature.",,user-uploaded image,Redirects missed attack roll to opponent primary creature.,TRUE,FALSE
038,Army of the Orcs,3,1st Edition,MAGIC,Common,,Infinite,Field,FALSE,TRUE,,,,,,,"All creatures with ""Orc"" in their name: SPD: +3. Atk: +6. Atk Dice Rolls: +1.",,user-uploaded image,,FALSE,FALSE
039,M.O.O.N. Sgt.,3,1st Edition,CREATURE,Epic,Humanoid,,,FALSE,FALSE,7,60,9,10-88,2,5,"When summoned, you may summon 1 ""M.O.O.N."" named creature from your hand or deck as a Limited Summon. Return the summoned creature to your hand if this card leaves the field, changes control, or this effect is negated.",,user-uploaded image,,TRUE,FALSE
040,M.O.O.N. Soldier,3,1st Edition,CREATURE,Common,Humanoid,,,FALSE,FALSE,6,40,6,10-23,1,4,,,user-uploaded image,,FALSE,FALSE
041,Orc Magic,3,1st Edition,MAGIC,Rare,,Standard,None,FALSE,FALSE,,,,,,,Destroy 1 magic card on the field.,,user-uploaded image,,FALSE,FALSE
042,Orc Mischief,3,1st Edition,MAGIC,Rare,,Lightning,None,FALSE,FALSE,,,,,,,Play this card from your hand when your opponent plays a magic card. Negate the card effect and instead send it to the cemetery.,,user-uploaded image,,FALSE,FALSE
043,The Villain,3,1st Edition,CREATURE,Epic,Cosmic,,,FALSE,FALSE,12,120,5,Ultimaga,5,4,"While this card is on the field, your opponent(s) must deal 10 damage to their primary creature to play a magic card. This creature receives 3x Atk damage from ""The Hero"" and ""The Heroine"" creatures.",,user-uploaded image,Opponent magic play cost plus named-card incoming damage multiplier.,TRUE,FALSE
044,Wood Axe,3,1st Edition,MAGIC,Common,,Infinite,Equip,TRUE,FALSE,,,,,,,Atk: +3.,,user-uploaded image,,FALSE,FALSE
045,Wooden Shield,3,1st Edition,MAGIC,Common,,Infinite,Equip,TRUE,FALSE,,,,,,,AL: +3.,,user-uploaded image,,FALSE,FALSE
046,Warrior Sword,3,1st Edition,MAGIC,Common,,Infinite,Equip,TRUE,FALSE,,,,,,,Atk: +2. Hit: +2.,,user-uploaded image,,FALSE,FALSE
047,Conqueror,3,1st Edition,CREATURE,Rare,Humanoid,,,FALSE,FALSE,12,110,6,Mighty Heave,4,3,,,user-uploaded image,,FALSE,FALSE
048,Owl God,3,1st Edition,CREATURE,Legendary,Cosmic,,,FALSE,FALSE,12,150,2,Owlagas,9,9,"Summon Requirement: This creature requires 3 sacrifices to summon. If one of the creatures sacrificed has ""Owl"" in its name, only 2 sacrifices are required.",,user-uploaded image,,TRUE,FALSE
049,Gremlin,3,1st Edition,CREATURE,Rare,Humanoid,,,FALSE,FALSE,1,10,6,Giggle,1,1,"If your primary creature is removed from the field, you may play this card as your primary creature. This card returns to being a magic card if it leaves the field.",,user-uploaded image,Hybrid magic/creature card visually uses a magic frame but has creature stats.; Hybrid magic/creature behavior; app may require hybrid cardKind support.,TRUE,FALSE
050,Adam Bomb,3,1st Edition,MAGIC,Rare,,Infinite,Equip,TRUE,FALSE,,,,,,,"When this card is played, destroy all other magic cards on the field. Atk: +3. Hit: +3. AL: +3. SPD: +3.",,user-uploaded image,,TRUE,FALSE
051,Deercrow,3,1st Edition,CREATURE,Legendary,Undead,,,FALSE,FALSE,12,120,6,Antler Slice,6,5,"Summon Requirement: If summoned by sacrificing ""Scarecrow"" or ""Big Buck"", send 1 of them back to your deck, then shuffle. This card receives 2x effects from Common / Uncommon magic cards for Hit, Atk, Atk Dice Rolls, and SPD.",,user-uploaded image,Custom summon handling and doubled rarity-based magic effects by stat category.,TRUE,FALSE
052,Bad Luck Bear,3,1st Edition,MAGIC,Common,,Infinite,Equip,TRUE,FALSE,,,,,,,Equip this card to 1 of your opponent’s creatures. You may choose for them to re-roll either their Hit Dice Roll or Atk Dice Roll once per battle.,,user-uploaded image,,TRUE,FALSE
053,The Super Hero,3,1st Edition,CREATURE,Legendary,Humanoid,,,FALSE,FALSE,12,120,12,Heroic Punch,6,4,"During your turn, roll 1 die. If the result is 5-6, this creature cannot be damaged this turn.",,user-uploaded image,,TRUE,FALSE
054,Vampire Mistress,3,1st Edition,MAGIC,Common,,Standard,None,FALSE,FALSE,,,,,,,Inflict 10 damage to a creature and heal a creature 10 HP.,,user-uploaded image,,FALSE,FALSE
055,Shield Maiden,3,1st Edition,CREATURE,Uncommon,Humanoid,,,FALSE,FALSE,6,50,8,Skol Bash,3,2,,,user-uploaded image,,FALSE,FALSE
056,Soul Eater,3,1st Edition,MAGIC,Legendary,,Standard,None,FALSE,FALSE,,,,,,,You may use a Limited Summon on the field as a sacrifice for summoning. Send the Limited Summon to the cemetery of the player that currently controls it.,,user-uploaded image,,TRUE,FALSE
057,Steam Angel,3,1st Edition,CREATURE,Epic,Mechanical,,,FALSE,FALSE,7,70,7,Steam Sword,4,4,"During your turn, roll 1 die. For 1 turn cycle, the following rarity cards cannot be played: 1-3 Epic/Promo. 4-6 Legendary/Mythic.",,user-uploaded image,Roll-table prevents cards by rarity from being played for 1 turn cycle.,TRUE,FALSE
058,Steam Armor,3,1st Edition,MAGIC,Uncommon,,Standard,Equip,TRUE,FALSE,,,,,,,"Equip to a primary creature. For 2 turn cycles, the equipped creature is unaffected by creature and magic card effects. Does not include this card.",,user-uploaded image,,TRUE,FALSE
059,Lumber,3,1st Edition,CREATURE,Rare,Elemental,,,FALSE,FALSE,10,70,5,Red Pine Crash,2,8,Creatures in a forest that battle this card have their base Modifier reduced by 1/2.,,user-uploaded image,,TRUE,FALSE
060,Fish Boy,3,1st Edition,CREATURE,Common,Beast,,,FALSE,FALSE,4,20,3,Trident Impale,1,3,,,user-uploaded image,,FALSE,FALSE
061,Moose,3,1st Edition,CREATURE,Common,Beast,,,FALSE,FALSE,6,50,4,Charge,2,3,,,user-uploaded image,,FALSE,FALSE
062,Graft,3,1st Edition,MAGIC,Legendary,,Infinite,Field,FALSE,TRUE,,,,,,,Players may equip creatures from their hand to their primary creature as Infinite equip magic cards. Add their base Atk Dice Rolls and Modifier to the equipped card.,,user-uploaded image,Allows creatures in hand to become Infinite Equip cards with stat transfer.,TRUE,FALSE
063,Old Logging Road,3,1st Edition,MAGIC,Uncommon,,Infinite,Field,FALSE,TRUE,,,,,,,Players must inflict 5 damage to their primary creature to play a magic card.,,user-uploaded image,,TRUE,FALSE
064,Frog Bard,3,1st Edition,CREATURE,Common,Humanoid,,,FALSE,FALSE,1,10,1,Folk Music,1,1,"You may play this card from your hand as an Infinite equip magic card to your primary creature. The equipped creature gains this card’s Atk Dice Rolls and Modifier. If that creature is removed from the field, return this card to your hand.",,user-uploaded image,Creature can be played from hand as Infinite Equip magic and return to hand.,TRUE,FALSE
065,Skol,3,1st Edition,MAGIC,Rare,,Infinite,Equip,TRUE,FALSE,,,,,,,AL: +4. Atk: +4.,,user-uploaded image,,FALSE,FALSE
066,Arzulian,3,1st Edition,CREATURE,Common,Cosmic,,,FALSE,FALSE,9,70,12,Discharge,1,2,"For each point in this card’s SPD stat over 12, gain Modifier +1.",,user-uploaded image,Dynamic Modifier depends on effective SPD over 12.,TRUE,FALSE
067,Gift of the Elves,3,1st Edition,MAGIC,Common,,Standard,Equip,TRUE,FALSE,,,,,,,"For 1 turn cycle, the equipped creature gains Atk: +3. Hit: +3. SPD: +3. AL: +3.",,user-uploaded image,,FALSE,FALSE
068,Stego,3,1st Edition,CREATURE,Common,Dinosaur,,,FALSE,FALSE,6,50,3,Spiked Tail,1,5,,,user-uploaded image,,FALSE,FALSE
069,Mountain Lion,3,1st Edition,CREATURE,Rare,Beast,,,FALSE,FALSE,4,50,10,Unknown,3,4,,,user-provided table screenshot,Attack name was unavailable from the table screenshot; card effect creature flag = N.; Attack name is unknown from source table.,TRUE,FALSE
070,Hydogon,3,1st Edition,CREATURE,Rare,Dragon,,,FALSE,FALSE,10,90,6,Hydro Jet,2,5,This creature inflicts 2x Atk damage to any creature in or near fire.,,user-uploaded image,,TRUE,FALSE
071,Boulderox,3,1st Edition,CREATURE,Uncommon,Elemental,,,FALSE,FALSE,9,80,2,Seismic Crush,2,4,,,user-uploaded image,,FALSE,FALSE
072,Winter Griffin,3,1st Edition,CREATURE,Rare,Beast,,,FALSE,FALSE,8,80,8,Frost Bite,2,5,"Once per battle, this creature may re-roll 1 of its Atk Dice Rolls and 1 of its Hit Dice Rolls.",,user-uploaded image,,TRUE,FALSE
073,Big Mouth Bass,3,1st Edition,CREATURE,Common,Beast,,,FALSE,FALSE,1,20,5,Gulp,1,1,,,user-uploaded image,,FALSE,FALSE
074,Ancient Book,3,1st Edition,MAGIC,Legendary,,Lightning,Equip,TRUE,FALSE,,,,,,,"When your opponent plays a Lightning card, you may equip this card to a creature as an Infinite magic card. Atk: +15. Hit: +5. AL: +8. SPD: +5.",,user-uploaded image,Lightning that becomes an Infinite Equip after trigger resolution.,TRUE,FALSE
075,Orc Champion,3,1st Edition,CREATURE,Legendary,Humanoid,,,FALSE,FALSE,12,70,5,Pulverize,1,12,"Summon Requirement: If you have 2 creatures in your hand with ""Orc"" in their name, you may summon this creature without a sacrifice. This creature may be summoned as normal.",,user-uploaded image,,TRUE,FALSE
076,Thresher,3,1st Edition,CREATURE,Uncommon,Elemental,,,FALSE,FALSE,6,60,4,Chomp,2,3,This creature inflicts 3x Atk damage to Mechanical-type creatures. Mechanical-type creatures normally unaffected by creature or magic effects are now affected. This supersedes their own creature effect.,,user-uploaded image,Overrides immunity of Mechanical creatures otherwise unaffected by effects.,TRUE,FALSE
077,Possession,3,1st Edition,MAGIC,Rare,,Standard,None,FALSE,FALSE,,,,,,,The target creature must battle itself this turn. All standard combat rules apply. Other creatures cannot battle this turn.,,user-uploaded image,Self-battle requires special battle target handling.,TRUE,FALSE
078,Lurking Slime,3,1st Edition,CREATURE,Rare,Elemental,,,FALSE,FALSE,6,60,1,Lurching Bite,3,1,"During your turn, reduce all damage to this creature by 1/2.",,user-uploaded image,,TRUE,FALSE
079,Living Trap,3,1st Edition,MAGIC,Epic,,Infinite,Field,FALSE,TRUE,,,,,,,"When your opponent declares battle, inflict 15 damage to their primary creature and send this card to the cemetery.",,user-uploaded image,Field self-removes after triggered damage.,TRUE,FALSE
080,Into Madness,3,1st Edition,MAGIC,Uncommon,,Infinite,Field,FALSE,TRUE,,,,,,,This card only affects Demon-type and Undead-type creatures. Atk Dice Rolls: +1. Hit Dice Rolls: +1.,,user-uploaded image,,FALSE,FALSE
081,Hive Queen,3,1st Edition,CREATURE,Legendary,Bug,,,FALSE,FALSE,12,130,12,Dominate,5,7,,,user-uploaded image,,FALSE,FALSE
082,Gnarled Hand,3,1st Edition,MAGIC,Epic,,Infinite,Equip,TRUE,FALSE,,,,,,,"Summon a creature with an AL less than your primary creature from your hand as a Limited Summon. If this card is destroyed, send the Limited Summoned creature to your cemetery.",,user-uploaded image,,TRUE,FALSE
083,Gluttony,3,1st Edition,CREATURE,Epic,Demon,,,FALSE,FALSE,7,100,5,Devour,7,0,"When summoned, destroy all magic cards on the field. For each magic card destroyed, add +1 Modifier to this card. This card is unaffected by other Hit Modifier and Hit Dice Roll increases.",,user-uploaded image,On-summon destroy-all-magic plus dynamic modifier count and future buff immunity.,TRUE,FALSE
084,Bramble Field,3,1st Edition,MAGIC,Common,,Infinite,Field,FALSE,TRUE,,,,,,,"At the beginning of your turn, inflict 5 damage to all creatures that do not have wings.",,user-uploaded image,Requires wings trait tagging.,TRUE,FALSE
085,Ancient Scorpion,3,1st Edition,CREATURE,Legendary,Bug,,,FALSE,FALSE,10,60,10,Vice Grip,1,2,"When this creature hits, the targeted creature receives 20 damage, once per turn cycle, for 3 turn cycles.",,user-uploaded image,,TRUE,FALSE
086,Frost Wyrms,3,1st Edition,MAGIC,Legendary,,Infinite,Equip,TRUE,FALSE,,,,,,,The equipped creature’s SPD and base Modifier are changed to 0. The equipped creature cannot be used as a sacrifice.,,user-uploaded image,,TRUE,FALSE
087,Orc Hunter,3,1st Edition,CREATURE,Common,Humanoid,,,FALSE,FALSE,3,60,9,Steadfast Shot,1,3,"During your turn, you may Limited Summon 1 Common / Uncommon Beast-type creature from your hand, max 1. Return that creature to your hand if this card leaves the field, changes control, or this effect is negated.",,user-uploaded image,Limited Summon with rarity/type filter and source-linked return cleanup.,TRUE,FALSE
088,Death Omen,3,1st Edition,MAGIC,Epic,,Infinite,Field,FALSE,TRUE,,,,,,,The primary creature with the lowest HP receives 5 damage at the beginning of each player’s turn.,,user-uploaded image,,TRUE,FALSE
089,Orc Warrior,3,1st Edition,CREATURE,Uncommon,Humanoid,,,FALSE,FALSE,6,50,2,Brutal Slash,3,3,,,user-uploaded image,,FALSE,FALSE
090,Polydactyly,3,1st Edition,MAGIC,Uncommon,,Infinite,Equip,TRUE,FALSE,,,,,,,SPD: +4. Hit: +2.,,user-uploaded image,,FALSE,FALSE
091,Octo-Orc,3,1st Edition,CREATURE,Epic,Humanoid,,,FALSE,FALSE,8,10,11,Octo-Gone,8,8,,,user-uploaded image,,FALSE,FALSE
092,Pyre Lord,3,1st Edition,CREATURE,Legendary,Humanoid,,,FALSE,FALSE,8,60,7,Incinerate,6,4,This creature receives 5 damage when it inflicts Atk damage.,,user-uploaded image,,TRUE,FALSE
093,Forest Guardian,3,1st Edition,CREATURE,Rare,Elemental,,,FALSE,FALSE,7,100,3,Oaken Crush,6,0,,,user-uploaded image,,FALSE,FALSE
094,Shuffling Bones,3,1st Edition,MAGIC,Common,,Standard,None,FALSE,FALSE,,,,,,,Shuffle your deck.,,user-uploaded image,,FALSE,FALSE
095,Fog,3,1st Edition,CREATURE,Rare,Elemental,,,FALSE,FALSE,2,50,9,Vapor Strike,2,2,This card does not perform a Hit Dice Roll when in battle. It moves directly to its Atk Dice Roll. This card is not affected by your opponents’ magic cards.,,user-uploaded image,Skips Hit Roll and has opponent-magic immunity.,TRUE,FALSE
096,Demon Blood,3,1st Edition,MAGIC,Uncommon,,Infinite,Equip,TRUE,FALSE,,,,,,,Atk: +3. The equipped creature is changed to Demon-type.,,user-uploaded image,,FALSE,FALSE
097,Magic Sword,3,1st Edition,MAGIC,Uncommon,,Infinite,Equip,TRUE,FALSE,,,,,,,"On equip, heal this creature 10 HP. Atk: +2. Hit: +2.",,user-uploaded image,,TRUE,FALSE
098,Mage Buff,3,1st Edition,MAGIC,Epic,,Infinite,Equip,TRUE,FALSE,,,,,,,AL: +3. SPD: +3. Atk Dice Rolls: +1. Hit Dice Rolls: +1.,,user-uploaded image,,FALSE,FALSE
099,Street Lights,3,1st Edition,MAGIC,Rare,,Infinite,Field,FALSE,TRUE,,,,,,,Send all Limited Summons on the field back to where they were originally summoned from. Limited Summons cannot be played while this card is on the field.,,user-uploaded image,Needs original-zone tracking and Limited Summon prevention while active.,TRUE,FALSE
100,Advantage,3,1st Edition,MAGIC,Common,,Lightning,None,FALSE,FALSE,,,,,,,"On any of your Dice Rolls, play this card from your hand. You may re-roll and choose 1 of the two results.",,user-uploaded image,,TRUE,FALSE
101,Bestial Champion,3,1st Edition,CREATURE,Uncommon,Beast,,,FALSE,FALSE,11,50,6,Moonlit Strike,3,2,,,user-uploaded image,,FALSE,FALSE
102,Monkey Duck,3,1st Edition,CREATURE,Epic,Beast,,,FALSE,FALSE,8,90,4,Quack Quack,5,5,"During battle, your opponent may ""Quack"" out loud 3 times. If they do, reduce this card’s base Atk Dice Rolls and Modifier by -1 for this battle.",,user-uploaded image,,TRUE,FALSE
103,Bio-Dino,3,1st Edition,CREATURE,Legendary,Elemental,,,FALSE,FALSE,12,100,4,Absorb,1,1,Creatures used as sacrifice for this card have their base Atk Dice Rolls and base Modifier added to this creature.,,user-uploaded image,Sacrifice-source stats are captured and added to this creature.,TRUE,FALSE
104,Bait,3,1st Edition,MAGIC,Legendary,,Standard,None,FALSE,FALSE,,,,,,,"Discard 1 magic card to the cemetery to play this card. For this turn, your creatures require 1 less sacrifice than normal.",,user-uploaded image,,TRUE,FALSE
105,Bound Fate,3,1st Edition,MAGIC,Epic,,Standard,None,FALSE,FALSE,,,,,,,During this turn all damage inflicted on your primary creature is also inflicted on your opponents’ primary creature.,,user-uploaded image,,TRUE,FALSE
106,Last Hope Hero,3,1st Edition,MAGIC,Legendary,,Lightning,None,FALSE,FALSE,,,,,,,Play this from your hand when your primary creature is killed. Roll its base Atk Dice Rolls and Modifier against the creature that killed it. This attack is treated as a Critical Hit.,,user-uploaded image,"Reactive after primary death, using killed creature base attack as critical hit.",TRUE,FALSE
107,Missile-Toad,3,1st Edition,CREATURE,Rare,Beast,,,FALSE,FALSE,2,30,5,AIM-9,1,1,"If this creature hits, send all Limited Summons on the field to their original owner’s cemetery.",,user-uploaded image,,TRUE,FALSE
108,Lava Golem,3,1st Edition,CREATURE,Common,Elemental,,,FALSE,FALSE,11,100,3,Molten Grasp,2,2,"If your opponent does not battle on their turn, inflict 5 damage to their primary creature.",,user-uploaded image,,TRUE,FALSE
109,Negative,3,1st Edition,MAGIC,Common,,Standard,None,FALSE,FALSE,,,,,,,Discard 1 magic card from your hand and destroy 1 magic card on the field.,,user-uploaded image,,FALSE,FALSE
110,Chain Lightning,3,1st Edition,MAGIC,Rare,,Standard,None,FALSE,FALSE,,,,,,,"Inflict 5 damage to your primary creature. Then, destroy all magic cards on the field. For each magic card destroyed, inflict 5 damage to your opponent’s primary creature.",,user-uploaded image,,TRUE,FALSE
111,Final Form,3,1st Edition,MAGIC,Legendary,,Infinite,Equip,TRUE,FALSE,,,,,,,"Equip to a creature below 1/2 its base HP. The creature loses its effect. Replace its base Atk Dice Rolls and Modifier with Mutating Flesh, 6 dice, +6.",,user-uploaded image,Conditional equip based on below half HP; replaces attack profile and suppresses creature effect.,TRUE,FALSE
112,Bulwark,3,1st Edition,MAGIC,Uncommon,,Standard,Equip,TRUE,FALSE,,,,,,,Increase the equipped creature’s AL to 12 for 3 turn cycles.,,user-uploaded image,,TRUE,FALSE
113,Sasquatch,3,1st Edition,MAGIC,Epic,,Lightning,None,FALSE,FALSE,,,,,,,Play this card from your hand when your opponent plays a magic card. Negate the card effect and send it to their cemetery. Your opponent then cannot use Lightning cards for 1 turn cycle.,,user-uploaded image,,TRUE,FALSE
114,Carus Demon,3,1st Edition,CREATURE,Common,Demon,,,FALSE,FALSE,4,40,5,Paralysis,2,1,"When summoned, all creatures on your opponent’s side of the field are put to sleep and cannot battle for 2 turn cycles. Any damage to the sleeping creatures ends this effect and destroys 1 magic card on the field of your choice.",,user-uploaded image,,TRUE,FALSE
115,Shard Titan,3,1st Edition,CREATURE,Legendary,Cosmic,,,FALSE,FALSE,7,40,9,Shatter Shard,6,4,"Summon Requirement: Can only be summoned if your primary creature is Cosmic-type and has ""Strange Jewel"" equipped. You may sacrifice it to summon this card as your primary creature. If this card leaves the field, it returns to a magic card.",,user-uploaded image,Custom summon requirement tied to exact equip and hybrid return-to-magic state.,TRUE,FALSE
116,Strange Jewel,3,1st Edition,MAGIC,Common,,Infinite,Equip,TRUE,FALSE,,,,,,,Hit: +2.,,user-uploaded image,,FALSE,FALSE
117,Soul Drain,3,1st Edition,MAGIC,Uncommon,,Infinite,Equip,TRUE,FALSE,,,,,,,Atk Dice Rolls: -1. Modifier: -1. Atk Dice Rolls cannot be reduced to 0.,,user-uploaded image,,TRUE,FALSE
118,Contaminate,3,1st Edition,MAGIC,Epic,,Infinite,Equip,TRUE,FALSE,,,,,,,"Equip this card to your primary creature. Once per turn cycle the equipped creature receives 5 damage. When the equipped creature is killed by Atk damage, equip this card to the creature that killed it.",,user-uploaded image,Attach transfers when equipped creature is killed by attack damage.,TRUE,FALSE
119,Orgar,3,1st Edition,CREATURE,Epic,Humanoid,,,FALSE,FALSE,7,70,6,Pummel,4,4,Apply the following to this card during battle: Atk Dice Rolls +2 against Humanoid-type creatures. Atk Dice Rolls -2 against Beast-type creatures.,,user-uploaded image,,TRUE,FALSE
120,Ooze Weaver,3,1st Edition,CREATURE,Epic,Mechanical,,,FALSE,FALSE,2,30,8,Oozed,1,0,"When a magic card is played or this card would receive Atk damage, choose 1 of the following: Take 15 damage to negate the magic card. Take 10 damage to negate the Atk damage. This creature is unaffected by magic cards.",,user-uploaded image,Choice-based self-damage negation/replacement plus magic immunity.,TRUE,FALSE
121,Ancient Sentinel,3,1st Edition,CREATURE,Rare,Mechanical,,,FALSE,FALSE,9,70,6,Iron Blow,3,0,This card’s Modifier is equal to your opponent’s current primary creature’s base SPD stat.,,user-uploaded image,,TRUE,FALSE
122,Dart Frog,3,1st Edition,CREATURE,Rare,Beast,,,FALSE,FALSE,1,30,11,Tongue Snap,1,0,"If this card is killed by a creature that is not holding a weapon, equip it to that creature as an Infinite equip magic card. The equipped creature receives 5 damage at the end of your turn.",,user-uploaded image,,TRUE,FALSE
123,Ashen Knight,3,1st Edition,CREATURE,Legendary,Humanoid,,,FALSE,FALSE,10,80,10,Trample,3,3,"While this creature is below 40 HP, it gains Atk: +10. Hit: +10. AL: +2. SPD: +3.",,user-uploaded image,,TRUE,FALSE
124,Titan’s Amulet,3,1st Edition,MAGIC,Common,,Standard,Equip,TRUE,FALSE,,,,,,,Inflict 10 damage to your primary creature. For 1 turn cycle add Modifier: +10.,,user-uploaded image,,TRUE,FALSE
125,Gaseous Horror,3,1st Edition,CREATURE,Epic,Demon,,,FALSE,FALSE,1,50,1,Poisoned Gas,2,1,"When this creature is hit, the attacking creature receives 5 damage. If this card is killed in battle, inflict 10 damage to the creature that killed it.",,user-uploaded image,,TRUE,FALSE
126,Arcane Power,3,1st Edition,MAGIC,Rare,,Infinite,Equip,TRUE,FALSE,,,,,,,"During battle, reveal any number of cards from your hand. Increase the equipped creature’s Modifier for that battle by the number of cards revealed.",,user-uploaded image,,TRUE,FALSE
127,The Merchant,3,1st Edition,MAGIC,Rare,,Infinite,Equip,TRUE,FALSE,,,,,,,When this card is played pick 1 of the following effects: AL: +4. Hit: +4. Heal 20 HP. Destroy 1 magic card.,,user-uploaded image,,TRUE,FALSE
128,Eye For An Eye,3,1st Edition,MAGIC,Rare,,Standard,None,FALSE,FALSE,,,,,,,All players may each exchange 1 card from their hand with 1 card in their cemetery. Creature for a Creature. Magic for a Magic.,,user-uploaded image,,TRUE,FALSE
129,Mysterious Orb,3,1st Edition,MAGIC,Common,,Infinite,Equip,TRUE,FALSE,,,,,,,At the beginning of your turn roll 1 die. Gain the following for 1 turn cycle: 1-2: SPD: +6. 3-4: Atk: +6. 5-6: Hit: +6.,,user-uploaded image,,TRUE,FALSE
130,Tarantula,3,1st Edition,CREATURE,Uncommon,Bug,,,FALSE,FALSE,10,80,10,Crunch,3,3,,,user-uploaded image,,FALSE,FALSE
131,Close Encounters,3,1st Edition,MAGIC,Legendary,,Infinite,Equip,TRUE,FALSE,,,,,,,"Atk: +4. SPD: +4. AL: +4. If this card is destroyed, return it to your deck after 3 turn cycles. Shuffle.",,user-uploaded image,,TRUE,FALSE
132,Woodland Elf,3,1st Edition,CREATURE,Uncommon,Humanoid,,,FALSE,FALSE,5,50,7,Aimed Shot,1,4,"During each battle, prior to your Hit Dice Roll, roll 1 die. If the result is: 1-2: +10 Atk damage. 3-4: Target’s Modifier reduced to 0. 5-6: Target’s AL reduced by 5.",,user-uploaded image,,TRUE,FALSE
133,Cockroach,3,1st Edition,CREATURE,Common,Bug,,,FALSE,FALSE,1,10,6,Pinch,1,0,,,user-uploaded image,,FALSE,FALSE
134,Orc Berserker,3,1st Edition,CREATURE,Rare,Humanoid,,,FALSE,FALSE,4,60,8,Rabid,2,3,"If this card is killed, instead, heal it to 5 HP. This effect can only occur once while this card is on the field.",,user-uploaded image,,TRUE,FALSE
135,Ironfist Dwarf,3,1st Edition,CREATURE,Rare,Humanoid,,,FALSE,FALSE,6,70,8,Midnight Jab,1,2,"During your turn, if this creature inflicts 5 or less Atk damage during battle, it may initiate battle again without the targeted creature being able to return attack. This effect can occur up to 5 times.",,user-uploaded image,,TRUE,FALSE
136,Chaos Demon,3,1st Edition,CREATURE,Uncommon,Demon,,,FALSE,FALSE,4,60,7,Wild Slash,2,1,"During your turn, this card may add +3 Atk Dice Rolls for this battle. If this effect is used and it fails to kill the targeted creature, this creature receives 1/2 the damage it dealt.",,user-uploaded image,,TRUE,FALSE
137,Gnometheon,3,1st Edition,CREATURE,Legendary,Mechanical,,,FALSE,FALSE,12,100,3,Orbital Blow,3,3,"Gain +1 Atk Dice Rolls and +1 Modifier for each ""Gnome"" named card in your hand. Gnomes sacrificed to summon this card are placed under it and count as cards in your hand. If this card leaves the field or changes control, the cards under follow it.",,user-uploaded image,Cards placed under source count as hand cards and follow source.,TRUE,FALSE
138,Flame Sentinel,3,1st Edition,MAGIC,Epic,,Lightning,Equip,TRUE,FALSE,,,,,,,"When your opponent finishes their attack, play this card. Negate the attack and equip this card to the attacking creature. The equipped creature receives 10 damage once per turn cycle for 2 turn cycles.",,user-uploaded image,,TRUE,FALSE
139,Last Goodbye,3,1st Edition,MAGIC,Epic,,Standard,Equip,TRUE,FALSE,,,,,,,"Summon a creature from your cemetery as a Limited Summon. At the end of your turn, send this card and the equipped creature to the cemetery.",,user-uploaded image,,TRUE,FALSE
140,Might of the Shaman,3,1st Edition,MAGIC,Epic,,Infinite,Equip,TRUE,FALSE,,,,,,,SPD: +6. Atk Dice Rolls: +2.,,user-uploaded image,,FALSE,FALSE
141,The Iron Man,3,1st Edition,MAGIC,Epic,,Standard,Field,FALSE,TRUE,,,,,,,"For 2 turn cycles your opponents’ creatures’ Atk Dice Rolls, Hit Dice Rolls, AL, and SPD are set to 1. This effect supersedes any increases.",,user-uploaded image,,TRUE,FALSE
142,Inversion,3,1st Edition,MAGIC,Common,,Infinite,Field,FALSE,TRUE,,,,,,,Players must play with their decks flipped upside down. Their bottom card will be showing face up.,,user-uploaded image,,TRUE,FALSE
143,Succubus,3,1st Edition,CREATURE,Uncommon,Demon,,,FALSE,FALSE,2,40,4,Lure,2,1,This creature heals for 1/2 the Atk damage it inflicts. Any excess healing above its max HP is also dealt to the target as damage.,,user-uploaded image,,TRUE,FALSE
144,The Wither,3,1st Edition,CREATURE,Rare,Undead,,,FALSE,FALSE,9,70,11,Terror Gaze,3,3,"If this card attacks a creature that has the magic card ""Fear"" equipped to it, add Atk Dice Rolls +2 and Modifier +2.",,user-uploaded image,,TRUE,FALSE
145,Eagle Knight,3,1st Edition,MAGIC,Common,,Lightning,None,FALSE,FALSE,,,,,,,During battle play this card from your hand. Negate any damage for a creature for the remainder of this turn.,,user-uploaded image,,TRUE,FALSE
146,Constructed Pylon,3,1st Edition,MAGIC,Epic,,Infinite,Field,FALSE,TRUE,,,,,,,"Play this card to your side of the field. This card fills 3 empty Infinite magic slots on your opponents side of the field. On your turn your opponent may roll 1 die, if 4-6 destroy this card.",,user-uploaded image,Occupies opponent empty Infinite slots while played to your side.,TRUE,FALSE
147,Friend Like You,3,1st Edition,CREATURE,Legendary,Beast,,,FALSE,FALSE,1,60,12,False Sneeze,1,0,"If this card is killed by Atk damage, you may summon 1 ""The Creator"" creature from your hand or deck as your primary creature at no sacrifice cost. Shuffle.",,user-uploaded image,,TRUE,FALSE
148,Enhanced Orc,3,1st Edition,CREATURE,Uncommon,Mechanical,,,FALSE,FALSE,10,70,1,Hell Cannon,4,1,,,user-uploaded image,,FALSE,FALSE
149,Sprite,3,1st Edition,CREATURE,Common,Cosmic,,,FALSE,FALSE,1,20,11,Blink,1,1,This creature can only be hit in battle if one of the attacking creature’s Hit Dice Rolls is a 3 or 4. This creature’s AL cannot increase.,,user-uploaded image,Hit validity depends on individual die values.,TRUE,FALSE
150,Tri-Dragon,3,1st Edition,CREATURE,Uncommon,Dragon,,,FALSE,FALSE,9,90,9,Tatu Strike,3,3,"If this creature’s Hit Dice match, it inflicts 3x Atk damage. This creature cannot critical Hit/Miss.",,user-uploaded image,Matching Hit Dice multiplier and critical suppression.,TRUE,FALSE
151,Eagle Family,3,1st Edition,CREATURE,Legendary,Beast,,,FALSE,FALSE,12,90,12,Proud Wing,4,4,"Whenever this creature is damaged, your opponent(s) must roll 2 dice of damage against themselves.",,user-uploaded image,Bonus card printed as 151/150; included as a bonus Gen 3 card by user request.; Bonus card outside 001-150 numbering.,TRUE,TRUE
