card_number,card_name,effect_id,trigger,engine_action_type,reusable_function,target,duration_text,needs_manual_review,original_effect_text
001,Dark Angel,001-E01,STATIC_WHILE_ON_FIELD,MANUAL_FALLBACK,manualFallback,This creature,While on field,TRUE,"While this card is on the field, your opponents’ creatures’ AL and SPD are reduced to 1, and cannot be increased."
002,Fire Eleotoid,002-E01,STATIC_WHILE_ON_FIELD,DESTROY_MAGIC,destroyMagic,Magic card(s) on the field,While on field,TRUE,"While this card is on the field, the magic card ""Forest Fire"" cannot be destroyed by its own effect."
003,Enlightened Soul,003-E01,STATIC_WHILE_ON_FIELD,MANUAL_FALLBACK,manualFallback,This creature,Immediate,TRUE,"While this card is in your cemetery, reduce your cemetery by 40 HP."
004,Repair Bear,004-E01,ON_PLAY,HEAL,heal,Target creature,Immediate,FALSE,Heal a creature on the field 15 HP.
006,Ball Demon,006-E01,END_OF_YOUR_TURN,DAMAGE,damage,Opponent's primary creature,While equipped,TRUE,Inflict 2 damage to your opponent’s primary creature at the end of your turn. Atk: +2.
006,Ball Demon,006-E02,END_OF_YOUR_TURN,APPLY_STAT_MODIFIER,applyStatModifier,Opponent's primary creature,While equipped,TRUE,Inflict 2 damage to your opponent’s primary creature at the end of your turn. Atk: +2.
007,Steam Knight Blaster,007-E01,WHILE_EQUIPPED,NEGATE_CREATURE_EFFECTS,negateCreatureEffects,Equipped creature,While equipped,TRUE,"The equipped creature loses its effect. Replace its base Atk Dice Rolls and Modifier with Proto Blast, 3 dice, +3."
007,Steam Knight Blaster,007-E02,WHILE_EQUIPPED,REPLACE_ATTACK_PROFILE,replaceAttackProfile,Equipped creature,While equipped,TRUE,"The equipped creature loses its effect. Replace its base Atk Dice Rolls and Modifier with Proto Blast, 3 dice, +3."
008,Cybernetic Upgrade,008-E01,WHILE_EQUIPPED,SEND_TO_CEMETERY,sendToCemetery,Equipped creature,While equipped,TRUE,During your opponent’s battle play this card. Send this card to the cemetery at the end of that battle. Atk: +30. Hit: +10. AL: +12.
008,Cybernetic Upgrade,008-E02,WHILE_EQUIPPED,APPLY_STAT_MODIFIER,applyStatModifier,Equipped creature,While equipped,TRUE,During your opponent’s battle play this card. Send this card to the cemetery at the end of that battle. Atk: +30. Hit: +10. AL: +12.
009,Hoggan,009-E01,STATIC_WHILE_ON_FIELD,LIMITED_SUMMON,limitedSummon,Opponent's primary creature,Immediate,TRUE,"At the beginning of your opponent’s battle, play this card from your hand as a Limited Summon. Your opponent must battle this card in place of your primary creature. This card can be damaged as a Limited Summon. Send this card to your cemetery after battle."
009,Hoggan,009-E02,STATIC_WHILE_ON_FIELD,DAMAGE,damage,Opponent's primary creature,Immediate,TRUE,"At the beginning of your opponent’s battle, play this card from your hand as a Limited Summon. Your opponent must battle this card in place of your primary creature. This card can be damaged as a Limited Summon. Send this card to your cemetery after battle."
009,Hoggan,009-E03,STATIC_WHILE_ON_FIELD,SEND_TO_CEMETERY,sendToCemetery,Opponent's primary creature,Immediate,TRUE,"At the beginning of your opponent’s battle, play this card from your hand as a Limited Summon. Your opponent must battle this card in place of your primary creature. This card can be damaged as a Limited Summon. Send this card to your cemetery after battle."
010,Fazard,010-E01,STATIC_WHILE_ON_FIELD,MANUAL_FALLBACK,manualFallback,Magic card(s) on the field,While on field,TRUE,"While this card is on the field, Standard magic cards cannot be played."
011,Mr. Evil,011-E01,WHILE_EQUIPPED,APPLY_STAT_MODIFIER,applyStatModifier,Equipped creature,While equipped,FALSE,AL: +3. Hit: +3.
012,Crow,012-E01,SUMMON_REQUIREMENT,SUMMON_REQUIREMENT,validateSummonRequirement,Your primary creature,Immediate,TRUE,"Summon Requirement: You may summon this creature normally, or Limited Summon it if your primary creature has ""Crow"" in its name. If your primary creature leaves the field or changes control, return this card to your hand."
012,Crow,012-E02,SUMMON_REQUIREMENT,LIMITED_SUMMON,limitedSummon,Your primary creature,Immediate,TRUE,"Summon Requirement: You may summon this creature normally, or Limited Summon it if your primary creature has ""Crow"" in its name. If your primary creature leaves the field or changes control, return this card to your hand."
012,Crow,012-E03,SUMMON_REQUIREMENT,MOVE_CARD,moveCard,Your primary creature,Immediate,TRUE,"Summon Requirement: You may summon this creature normally, or Limited Summon it if your primary creature has ""Crow"" in its name. If your primary creature leaves the field or changes control, return this card to your hand."
013,Steam Powered Girl,013-E01,WHILE_EQUIPPED,APPLY_STAT_MODIFIER,applyStatModifier,Equipped creature,1 turn cycle,TRUE,"For 1 turn cycle, for every card in your hand, add Hit Dice Rolls +1 and Atk Dice Rolls +1."
014,Monster Armor,014-E01,WHILE_EQUIPPED,APPLY_STAT_MODIFIER,applyStatModifier,Equipped creature,While equipped,FALSE,Atk: +3. Hit: +3. AL: +3. SPD: +3. Atk Dice Rolls: +1.
015,The Good Boy,015-E01,STATIC_WHILE_ON_FIELD,APPLY_STAT_MODIFIER,applyStatModifier,Your primary creature,While on field,FALSE,This card only affects your primary creature. Atk: +1. Hit: +1. SPD: +1. AL: +1.
016,Exhaustion,016-E01,WHILE_EQUIPPED,MANUAL_FALLBACK,manualFallback,Equipped creature,1 turn cycle,TRUE,Reduce the target creature’s Hit and Atk Modifier to 0 for 1 turn cycle.
017,Shield of Light,017-E01,WHILE_EQUIPPED,DESTROY_MAGIC,destroyMagic,Equipped creature,While equipped,TRUE,Roll 1 die prior to any damage the equipped creature receives. If the result is: 1-2: Heal for the damage instead. 3-4: Receive damage as normal. 5-6: Destroy this card.
017,Shield of Light,017-E02,WHILE_EQUIPPED,HEAL,heal,Equipped creature,While equipped,TRUE,Roll 1 die prior to any damage the equipped creature receives. If the result is: 1-2: Heal for the damage instead. 3-4: Receive damage as normal. 5-6: Destroy this card.
017,Shield of Light,017-E03,WHILE_EQUIPPED,DAMAGE,damage,Equipped creature,While equipped,TRUE,Roll 1 die prior to any damage the equipped creature receives. If the result is: 1-2: Heal for the damage instead. 3-4: Receive damage as normal. 5-6: Destroy this card.
017,Shield of Light,017-E04,WHILE_EQUIPPED,ROLL_TABLE,resolveRollTable,Equipped creature,While equipped,TRUE,Roll 1 die prior to any damage the equipped creature receives. If the result is: 1-2: Heal for the damage instead. 3-4: Receive damage as normal. 5-6: Destroy this card.
018,Enchantment,018-E01,ON_PLAY,DAMAGE,damage,Target creature,Immediate,TRUE,"If you miss your Hit Roll, play this card from your hand. Inflict 10 damage to the missed creature."
019,Hell Authority,019-E01,ON_PLAY,PREVENT_CARD_PLAY,preventCardPlay,Magic card(s) on the field,1 turn cycle,FALSE,Your opponent cannot play magic cards for 1 turn cycle.
020,Witch’s Cabin,020-E01,WHEN_OPPONENT_DRAWS_CARD,MANUAL_FALLBACK,manualFallback,Target / controller as specified by card text,Immediate,TRUE,Play this card from your hand when your opponent draws a card. Send the drawn card to the bottom of their deck.
021,Possessed Dummy,021-E01,WHILE_EQUIPPED,LIMITED_SUMMON,limitedSummon,Opponent's primary creature,While equipped,TRUE,"Play this card when your opponent sends a creature to their cemetery. Summon that creature as your Limited Summon. If this card or your primary creature is removed from the field, or this effect is negated, return it to their cemetery."
021,Possessed Dummy,021-E02,WHILE_EQUIPPED,NEGATE_CARD_EFFECT,negateCardEffect,Opponent's primary creature,While equipped,TRUE,"Play this card when your opponent sends a creature to their cemetery. Summon that creature as your Limited Summon. If this card or your primary creature is removed from the field, or this effect is negated, return it to their cemetery."
021,Possessed Dummy,021-E03,WHILE_EQUIPPED,MOVE_CARD,moveCard,Opponent's primary creature,While equipped,TRUE,"Play this card when your opponent sends a creature to their cemetery. Summon that creature as your Limited Summon. If this card or your primary creature is removed from the field, or this effect is negated, return it to their cemetery."
021,Possessed Dummy,021-E04,WHILE_EQUIPPED,SEND_TO_CEMETERY,sendToCemetery,Opponent's primary creature,While equipped,TRUE,"Play this card when your opponent sends a creature to their cemetery. Summon that creature as your Limited Summon. If this card or your primary creature is removed from the field, or this effect is negated, return it to their cemetery."
022,Shapeshifter,022-E01,BEFORE_HIT_ROLL,MANUAL_FALLBACK,manualFallback,This creature,This turn/battle,TRUE,"Prior to battle, choose 1 of the forms below for this battle. Eagle: +5 SPD. Deer: +3 Modifier. Bear: +4 Atk Dice Rolls. Turtle: +6 AL."
024,Mosquito Man,024-E01,DURING_BATTLE,HEAL,heal,This creature,This turn/battle,TRUE,This creature heals for 1/2 of the Atk damage it inflicts during battle.
024,Mosquito Man,024-E02,DURING_BATTLE,DAMAGE,damage,This creature,This turn/battle,TRUE,This creature heals for 1/2 of the Atk damage it inflicts during battle.
026,Cabal Warchief,026-E01,DURING_YOUR_TURN_ACTIVATED,MANUAL_FALLBACK,manualFallback,This creature,Immediate,TRUE,"This creature may initiate battle twice during your turn. Your opponent can only return attack for 1 of these battles. This creature cannot change control, or be removed from the field unless killed."
027,Doppelganger,027-E01,WHILE_EQUIPPED,APPLY_STAT_MODIFIER,applyStatModifier,Equipped creature,While equipped,FALSE,Atk Dice Rolls: +2. Hit Dice Rolls: +2.
028,Catcow,028-E01,STATIC_WHILE_ON_FIELD,APPLY_STAT_MODIFIER,applyStatModifier,All creatures matching condition,2 turn cycles,TRUE,"For 2 turn cycles, all creatures switch their own base Atk Dice Rolls and Modifier."
029,Earth Eleotoid,029-E01,STATIC_WHILE_ON_FIELD,DAMAGE,damage,This creature,Immediate,TRUE,"This card inflicts 2x Atk damage to creatures in or near fire, but receives 2x Atk damage from creatures in or near water."
029,Earth Eleotoid,029-E02,STATIC_WHILE_ON_FIELD,APPLY_ATTACK_DAMAGE_MULTIPLIER,applyAttackDamageMultiplier,This creature,Immediate,TRUE,"This card inflicts 2x Atk damage to creatures in or near fire, but receives 2x Atk damage from creatures in or near water."
031,Orcs VS Apes,031-E01,STATIC_WHILE_ON_FIELD,DAMAGE,damage,All creatures matching condition,While on field,FALSE,All creatures inflict 2x Atk damage to Humanoid-type creatures on the field.
031,Orcs VS Apes,031-E02,STATIC_WHILE_ON_FIELD,APPLY_ATTACK_DAMAGE_MULTIPLIER,applyAttackDamageMultiplier,All creatures matching condition,While on field,FALSE,All creatures inflict 2x Atk damage to Humanoid-type creatures on the field.
033,Armored Assault,033-E01,WHILE_EQUIPPED,APPLY_STAT_MODIFIER,applyStatModifier,Equipped creature,While equipped,FALSE,SPD: +4. AL: +2.
035,Dark Moon,035-E01,STATIC_WHILE_ON_FIELD,MANUAL_FALLBACK,manualFallback,Target creature,1 turn cycle,TRUE,For 1 turn cycle your opponents’ creatures can only roll 1 Hit Die.
037,Galactic Suit,037-E01,WHILE_EQUIPPED,MANUAL_FALLBACK,manualFallback,Opponent's primary creature,While equipped,TRUE,"If your opponent misses their Hit Roll against the equipped creature, they must roll their Atk Roll against their primary creature."
038,Army of the Orcs,038-E01,STATIC_WHILE_ON_FIELD,APPLY_STAT_MODIFIER,applyStatModifier,All creatures matching condition,While on field,FALSE,"All creatures with ""Orc"" in their name: SPD: +3. Atk: +6. Atk Dice Rolls: +1."
039,M.O.O.N. Sgt.,039-E01,ON_SUMMON,LIMITED_SUMMON,limitedSummon,Limited Summon card(s),Immediate,TRUE,"When summoned, you may summon 1 ""M.O.O.N."" named creature from your hand or deck as a Limited Summon. Return the summoned creature to your hand if this card leaves the field, changes control, or this effect is negated."
039,M.O.O.N. Sgt.,039-E02,ON_SUMMON,NEGATE_CARD_EFFECT,negateCardEffect,Limited Summon card(s),Immediate,TRUE,"When summoned, you may summon 1 ""M.O.O.N."" named creature from your hand or deck as a Limited Summon. Return the summoned creature to your hand if this card leaves the field, changes control, or this effect is negated."
039,M.O.O.N. Sgt.,039-E03,ON_SUMMON,MOVE_CARD,moveCard,Limited Summon card(s),Immediate,TRUE,"When summoned, you may summon 1 ""M.O.O.N."" named creature from your hand or deck as a Limited Summon. Return the summoned creature to your hand if this card leaves the field, changes control, or this effect is negated."
041,Orc Magic,041-E01,ON_PLAY,DESTROY_MAGIC,destroyMagic,Magic card(s) on the field,Immediate,FALSE,Destroy 1 magic card on the field.
042,Orc Mischief,042-E01,WHEN_OPPONENT_PLAYS_MAGIC,NEGATE_CARD_EFFECT,negateCardEffect,Magic card(s) on the field,Immediate,FALSE,Play this card from your hand when your opponent plays a magic card. Negate the card effect and instead send it to the cemetery.
042,Orc Mischief,042-E02,WHEN_OPPONENT_PLAYS_MAGIC,SEND_TO_CEMETERY,sendToCemetery,Magic card(s) on the field,Immediate,FALSE,Play this card from your hand when your opponent plays a magic card. Negate the card effect and instead send it to the cemetery.
043,The Villain,043-E01,STATIC_WHILE_ON_FIELD,DAMAGE,damage,Opponent's primary creature,While on field,TRUE,"While this card is on the field, your opponent(s) must deal 10 damage to their primary creature to play a magic card. This creature receives 3x Atk damage from ""The Hero"" and ""The Heroine"" creatures."
043,The Villain,043-E02,STATIC_WHILE_ON_FIELD,APPLY_ATTACK_DAMAGE_MULTIPLIER,applyAttackDamageMultiplier,Opponent's primary creature,While on field,TRUE,"While this card is on the field, your opponent(s) must deal 10 damage to their primary creature to play a magic card. This creature receives 3x Atk damage from ""The Hero"" and ""The Heroine"" creatures."
044,Wood Axe,044-E01,WHILE_EQUIPPED,APPLY_STAT_MODIFIER,applyStatModifier,Equipped creature,While equipped,FALSE,Atk: +3.
045,Wooden Shield,045-E01,WHILE_EQUIPPED,APPLY_STAT_MODIFIER,applyStatModifier,Equipped creature,While equipped,FALSE,AL: +3.
046,Warrior Sword,046-E01,WHILE_EQUIPPED,APPLY_STAT_MODIFIER,applyStatModifier,Equipped creature,While equipped,FALSE,Atk: +2. Hit: +2.
048,Owl God,048-E01,SUMMON_REQUIREMENT,SUMMON_REQUIREMENT,validateSummonRequirement,This creature,Immediate,TRUE,"Summon Requirement: This creature requires 3 sacrifices to summon. If one of the creatures sacrificed has ""Owl"" in its name, only 2 sacrifices are required."
049,Gremlin,049-E01,STATIC_WHILE_ON_FIELD,MANUAL_FALLBACK,manualFallback,Your primary creature,Immediate,TRUE,"If your primary creature is removed from the field, you may play this card as your primary creature. This card returns to being a magic card if it leaves the field."
050,Adam Bomb,050-E01,ON_PLAY,DESTROY_ALL_MAGIC,destroyAllMagic,Equipped creature,While equipped,TRUE,"When this card is played, destroy all other magic cards on the field. Atk: +3. Hit: +3. AL: +3. SPD: +3."
050,Adam Bomb,050-E02,ON_PLAY,APPLY_STAT_MODIFIER,applyStatModifier,Equipped creature,While equipped,TRUE,"When this card is played, destroy all other magic cards on the field. Atk: +3. Hit: +3. AL: +3. SPD: +3."
051,Deercrow,051-E01,SUMMON_REQUIREMENT,SUMMON_REQUIREMENT,validateSummonRequirement,Magic card(s) on the field,Immediate,TRUE,"Summon Requirement: If summoned by sacrificing ""Scarecrow"" or ""Big Buck"", send 1 of them back to your deck, then shuffle. This card receives 2x effects from Common / Uncommon magic cards for Hit, Atk, Atk Dice Rolls, and SPD."
051,Deercrow,051-E02,SUMMON_REQUIREMENT,SHUFFLE_DECK,shuffleDeck,Magic card(s) on the field,Immediate,TRUE,"Summon Requirement: If summoned by sacrificing ""Scarecrow"" or ""Big Buck"", send 1 of them back to your deck, then shuffle. This card receives 2x effects from Common / Uncommon magic cards for Hit, Atk, Atk Dice Rolls, and SPD."
052,Bad Luck Bear,052-E01,WHILE_EQUIPPED,REROLL_DICE,rerollDice,Equipped creature,While equipped,TRUE,Equip this card to 1 of your opponent’s creatures. You may choose for them to re-roll either their Hit Dice Roll or Atk Dice Roll once per battle.
053,The Super Hero,053-E01,DURING_YOUR_TURN_ACTIVATED,DAMAGE,damage,This creature,This turn/battle,TRUE,"During your turn, roll 1 die. If the result is 5-6, this creature cannot be damaged this turn."
053,The Super Hero,053-E02,DURING_YOUR_TURN_ACTIVATED,ROLL_TABLE,resolveRollTable,This creature,This turn/battle,TRUE,"During your turn, roll 1 die. If the result is 5-6, this creature cannot be damaged this turn."
054,Vampire Mistress,054-E01,ON_PLAY,HEAL,heal,Target creature,Immediate,FALSE,Inflict 10 damage to a creature and heal a creature 10 HP.
054,Vampire Mistress,054-E02,ON_PLAY,DAMAGE,damage,Target creature,Immediate,FALSE,Inflict 10 damage to a creature and heal a creature 10 HP.
056,Soul Eater,056-E01,ON_PLAY,LIMITED_SUMMON,limitedSummon,Limited Summon card(s),Immediate,TRUE,You may use a Limited Summon on the field as a sacrifice for summoning. Send the Limited Summon to the cemetery of the player that currently controls it.
056,Soul Eater,056-E02,ON_PLAY,SEND_TO_CEMETERY,sendToCemetery,Limited Summon card(s),Immediate,TRUE,You may use a Limited Summon on the field as a sacrifice for summoning. Send the Limited Summon to the cemetery of the player that currently controls it.
057,Steam Angel,057-E01,DURING_YOUR_TURN_ACTIVATED,ROLL_TABLE,resolveRollTable,This creature,1 turn cycle,TRUE,"During your turn, roll 1 die. For 1 turn cycle, the following rarity cards cannot be played: 1-3 Epic/Promo. 4-6 Legendary/Mythic."
058,Steam Armor,058-E01,WHILE_EQUIPPED,UNAFFECTED_BY_MAGIC,applyImmunity,Equipped creature,2 turn cycles,TRUE,"Equip to a primary creature. For 2 turn cycles, the equipped creature is unaffected by creature and magic card effects. Does not include this card."
059,Lumber,059-E01,STATIC_WHILE_ON_FIELD,MANUAL_FALLBACK,manualFallback,This creature,Immediate,TRUE,Creatures in a forest that battle this card have their base Modifier reduced by 1/2.
062,Graft,062-E01,STATIC_WHILE_ON_FIELD,APPLY_STAT_MODIFIER,applyStatModifier,Magic card(s) on the field,While on field,TRUE,Players may equip creatures from their hand to their primary creature as Infinite equip magic cards. Add their base Atk Dice Rolls and Modifier to the equipped card.
063,Old Logging Road,063-E01,STATIC_WHILE_ON_FIELD,DAMAGE,damage,Magic card(s) on the field,While on field,TRUE,Players must inflict 5 damage to their primary creature to play a magic card.
064,Frog Bard,064-E01,STATIC_WHILE_ON_FIELD,MOVE_CARD,moveCard,Your primary creature,Immediate,TRUE,"You may play this card from your hand as an Infinite equip magic card to your primary creature. The equipped creature gains this card’s Atk Dice Rolls and Modifier. If that creature is removed from the field, return this card to your hand."
065,Skol,065-E01,WHILE_EQUIPPED,APPLY_STAT_MODIFIER,applyStatModifier,Equipped creature,While equipped,FALSE,AL: +4. Atk: +4.
066,Arzulian,066-E01,STATIC_WHILE_ON_FIELD,APPLY_STAT_MODIFIER,applyStatModifier,This creature,Immediate,TRUE,"For each point in this card’s SPD stat over 12, gain Modifier +1."
067,Gift of the Elves,067-E01,WHILE_EQUIPPED,APPLY_STAT_MODIFIER,applyStatModifier,Equipped creature,1 turn cycle,FALSE,"For 1 turn cycle, the equipped creature gains Atk: +3. Hit: +3. SPD: +3. AL: +3."
070,Hydogon,070-E01,STATIC_WHILE_ON_FIELD,DAMAGE,damage,This creature,Immediate,TRUE,This creature inflicts 2x Atk damage to any creature in or near fire.
070,Hydogon,070-E02,STATIC_WHILE_ON_FIELD,APPLY_ATTACK_DAMAGE_MULTIPLIER,applyAttackDamageMultiplier,This creature,Immediate,TRUE,This creature inflicts 2x Atk damage to any creature in or near fire.
072,Winter Griffin,072-E01,STATIC_WHILE_ON_FIELD,REROLL_DICE,rerollDice,This creature,Immediate,TRUE,"Once per battle, this creature may re-roll 1 of its Atk Dice Rolls and 1 of its Hit Dice Rolls."
074,Ancient Book,074-E01,WHEN_OPPONENT_PLAYS_LIGHTNING,APPLY_STAT_MODIFIER,applyStatModifier,Equipped creature,While equipped,TRUE,"When your opponent plays a Lightning card, you may equip this card to a creature as an Infinite magic card. Atk: +15. Hit: +5. AL: +8. SPD: +5."
075,Orc Champion,075-E01,SUMMON_REQUIREMENT,SUMMON_REQUIREMENT,validateSummonRequirement,This creature,Immediate,TRUE,"Summon Requirement: If you have 2 creatures in your hand with ""Orc"" in their name, you may summon this creature without a sacrifice. This creature may be summoned as normal."
076,Thresher,076-E01,STATIC_WHILE_ON_FIELD,DAMAGE,damage,This creature,Immediate,TRUE,This creature inflicts 3x Atk damage to Mechanical-type creatures. Mechanical-type creatures normally unaffected by creature or magic effects are now affected. This supersedes their own creature effect.
076,Thresher,076-E02,STATIC_WHILE_ON_FIELD,APPLY_ATTACK_DAMAGE_MULTIPLIER,applyAttackDamageMultiplier,This creature,Immediate,TRUE,This creature inflicts 3x Atk damage to Mechanical-type creatures. Mechanical-type creatures normally unaffected by creature or magic effects are now affected. This supersedes their own creature effect.
076,Thresher,076-E03,STATIC_WHILE_ON_FIELD,UNAFFECTED_BY_MAGIC,applyImmunity,This creature,Immediate,TRUE,This creature inflicts 3x Atk damage to Mechanical-type creatures. Mechanical-type creatures normally unaffected by creature or magic effects are now affected. This supersedes their own creature effect.
077,Possession,077-E01,ON_PLAY,MANUAL_FALLBACK,manualFallback,Target creature,This turn/battle,TRUE,The target creature must battle itself this turn. All standard combat rules apply. Other creatures cannot battle this turn.
078,Lurking Slime,078-E01,DURING_YOUR_TURN_ACTIVATED,DAMAGE,damage,This creature,Immediate,TRUE,"During your turn, reduce all damage to this creature by 1/2."
079,Living Trap,079-E01,WHEN_OPPONENT_DECLARES_BATTLE,DAMAGE,damage,Opponent's primary creature,While on field,TRUE,"When your opponent declares battle, inflict 15 damage to their primary creature and send this card to the cemetery."
079,Living Trap,079-E02,WHEN_OPPONENT_DECLARES_BATTLE,SEND_TO_CEMETERY,sendToCemetery,Opponent's primary creature,While on field,TRUE,"When your opponent declares battle, inflict 15 damage to their primary creature and send this card to the cemetery."
080,Into Madness,080-E01,STATIC_WHILE_ON_FIELD,APPLY_STAT_MODIFIER,applyStatModifier,Target creature,While on field,FALSE,This card only affects Demon-type and Undead-type creatures. Atk Dice Rolls: +1. Hit Dice Rolls: +1.
082,Gnarled Hand,082-E01,WHILE_EQUIPPED,LIMITED_SUMMON,limitedSummon,Your primary creature,While equipped,TRUE,"Summon a creature with an AL less than your primary creature from your hand as a Limited Summon. If this card is destroyed, send the Limited Summoned creature to your cemetery."
082,Gnarled Hand,082-E02,WHILE_EQUIPPED,SEND_TO_CEMETERY,sendToCemetery,Your primary creature,While equipped,TRUE,"Summon a creature with an AL less than your primary creature from your hand as a Limited Summon. If this card is destroyed, send the Limited Summoned creature to your cemetery."
083,Gluttony,083-E01,ON_SUMMON,DESTROY_ALL_MAGIC,destroyAllMagic,Magic card(s) on the field,Immediate,TRUE,"When summoned, destroy all magic cards on the field. For each magic card destroyed, add +1 Modifier to this card. This card is unaffected by other Hit Modifier and Hit Dice Roll increases."
083,Gluttony,083-E02,ON_SUMMON,UNAFFECTED_BY_MAGIC,applyImmunity,Magic card(s) on the field,Immediate,TRUE,"When summoned, destroy all magic cards on the field. For each magic card destroyed, add +1 Modifier to this card. This card is unaffected by other Hit Modifier and Hit Dice Roll increases."
083,Gluttony,083-E03,ON_SUMMON,APPLY_STAT_MODIFIER,applyStatModifier,Magic card(s) on the field,Immediate,TRUE,"When summoned, destroy all magic cards on the field. For each magic card destroyed, add +1 Modifier to this card. This card is unaffected by other Hit Modifier and Hit Dice Roll increases."
084,Bramble Field,084-E01,BEGINNING_OF_YOUR_TURN,DAMAGE,damage,All creatures matching condition,While on field,TRUE,"At the beginning of your turn, inflict 5 damage to all creatures that do not have wings."
085,Ancient Scorpion,085-E01,ON_HIT,APPLY_DAMAGE_OVER_TIME,applyDamageOverTime,This creature,3 turn cycles,TRUE,"When this creature hits, the targeted creature receives 20 damage, once per turn cycle, for 3 turn cycles."
086,Frost Wyrms,086-E01,WHILE_EQUIPPED,CHANGE_CREATURE_TYPE,changeCreatureType,Equipped creature,While equipped,TRUE,The equipped creature’s SPD and base Modifier are changed to 0. The equipped creature cannot be used as a sacrifice.
087,Orc Hunter,087-E01,DURING_YOUR_TURN_ACTIVATED,LIMITED_SUMMON,limitedSummon,Limited Summon card(s),Immediate,TRUE,"During your turn, you may Limited Summon 1 Common / Uncommon Beast-type creature from your hand, max 1. Return that creature to your hand if this card leaves the field, changes control, or this effect is negated."
087,Orc Hunter,087-E02,DURING_YOUR_TURN_ACTIVATED,NEGATE_CARD_EFFECT,negateCardEffect,Limited Summon card(s),Immediate,TRUE,"During your turn, you may Limited Summon 1 Common / Uncommon Beast-type creature from your hand, max 1. Return that creature to your hand if this card leaves the field, changes control, or this effect is negated."
087,Orc Hunter,087-E03,DURING_YOUR_TURN_ACTIVATED,MOVE_CARD,moveCard,Limited Summon card(s),Immediate,TRUE,"During your turn, you may Limited Summon 1 Common / Uncommon Beast-type creature from your hand, max 1. Return that creature to your hand if this card leaves the field, changes control, or this effect is negated."
088,Death Omen,088-E01,BEGINNING_OF_EACH_PLAYER_TURN,DAMAGE,damage,Target creature,While on field,TRUE,The primary creature with the lowest HP receives 5 damage at the beginning of each player’s turn.
090,Polydactyly,090-E01,WHILE_EQUIPPED,APPLY_STAT_MODIFIER,applyStatModifier,Equipped creature,While equipped,FALSE,SPD: +4. Hit: +2.
092,Pyre Lord,092-E01,STATIC_WHILE_ON_FIELD,DAMAGE,damage,This creature,Immediate,TRUE,This creature receives 5 damage when it inflicts Atk damage.
094,Shuffling Bones,094-E01,ON_PLAY,SHUFFLE_DECK,shuffleDeck,Target / controller as specified by card text,Immediate,FALSE,Shuffle your deck.
095,Fog,095-E01,STATIC_WHILE_ON_FIELD,UNAFFECTED_BY_MAGIC,applyImmunity,Magic card(s) on the field,Immediate,TRUE,This card does not perform a Hit Dice Roll when in battle. It moves directly to its Atk Dice Roll. This card is not affected by your opponents’ magic cards.
096,Demon Blood,096-E01,WHILE_EQUIPPED,CHANGE_CREATURE_TYPE,changeCreatureType,Equipped creature,While equipped,FALSE,Atk: +3. The equipped creature is changed to Demon-type.
096,Demon Blood,096-E02,WHILE_EQUIPPED,APPLY_STAT_MODIFIER,applyStatModifier,Equipped creature,While equipped,FALSE,Atk: +3. The equipped creature is changed to Demon-type.
097,Magic Sword,097-E01,ON_EQUIP,HEAL,heal,Equipped creature,While equipped,TRUE,"On equip, heal this creature 10 HP. Atk: +2. Hit: +2."
097,Magic Sword,097-E02,ON_EQUIP,APPLY_STAT_MODIFIER,applyStatModifier,Equipped creature,While equipped,TRUE,"On equip, heal this creature 10 HP. Atk: +2. Hit: +2."
098,Mage Buff,098-E01,WHILE_EQUIPPED,APPLY_STAT_MODIFIER,applyStatModifier,Equipped creature,While equipped,FALSE,AL: +3. SPD: +3. Atk Dice Rolls: +1. Hit Dice Rolls: +1.
099,Street Lights,099-E01,STATIC_WHILE_ON_FIELD,LIMITED_SUMMON,limitedSummon,Limited Summon card(s),While on field,TRUE,Send all Limited Summons on the field back to where they were originally summoned from. Limited Summons cannot be played while this card is on the field.
099,Street Lights,099-E02,STATIC_WHILE_ON_FIELD,PREVENT_CARD_PLAY,preventCardPlay,Limited Summon card(s),While on field,TRUE,Send all Limited Summons on the field back to where they were originally summoned from. Limited Summons cannot be played while this card is on the field.
100,Advantage,100-E01,ON_PLAY,REROLL_DICE,rerollDice,Target / controller as specified by card text,Immediate,TRUE,"On any of your Dice Rolls, play this card from your hand. You may re-roll and choose 1 of the two results."
102,Monkey Duck,102-E01,DURING_BATTLE,MANUAL_FALLBACK,manualFallback,This creature,This turn/battle,TRUE,"During battle, your opponent may ""Quack"" out loud 3 times. If they do, reduce this card’s base Atk Dice Rolls and Modifier by -1 for this battle."
103,Bio-Dino,103-E01,STATIC_WHILE_ON_FIELD,MANUAL_FALLBACK,manualFallback,This creature,Immediate,TRUE,Creatures used as sacrifice for this card have their base Atk Dice Rolls and base Modifier added to this creature.
104,Bait,104-E01,ON_PLAY,DISCARD_CARD,discardCard,Magic card(s) on the field,This turn/battle,TRUE,"Discard 1 magic card to the cemetery to play this card. For this turn, your creatures require 1 less sacrifice than normal."
105,Bound Fate,105-E01,ON_PLAY,DAMAGE,damage,Opponent's primary creature,This turn/battle,TRUE,During this turn all damage inflicted on your primary creature is also inflicted on your opponents’ primary creature.
106,Last Hope Hero,106-E01,WHEN_YOUR_PRIMARY_CREATURE_KILLED,APPLY_ATTACK_DAMAGE_MULTIPLIER,applyAttackDamageMultiplier,Your primary creature,Immediate,TRUE,Play this from your hand when your primary creature is killed. Roll its base Atk Dice Rolls and Modifier against the creature that killed it. This attack is treated as a Critical Hit.
107,Missile-Toad,107-E01,ON_HIT,LIMITED_SUMMON,limitedSummon,Limited Summon card(s),Immediate,TRUE,"If this creature hits, send all Limited Summons on the field to their original owner’s cemetery."
107,Missile-Toad,107-E02,ON_HIT,SEND_TO_CEMETERY,sendToCemetery,Limited Summon card(s),Immediate,TRUE,"If this creature hits, send all Limited Summons on the field to their original owner’s cemetery."
108,Lava Golem,108-E01,STATIC_WHILE_ON_FIELD,DAMAGE,damage,Opponent's primary creature,Immediate,TRUE,"If your opponent does not battle on their turn, inflict 5 damage to their primary creature."
109,Negative,109-E01,ON_PLAY,DESTROY_MAGIC,destroyMagic,Magic card(s) on the field,Immediate,FALSE,Discard 1 magic card from your hand and destroy 1 magic card on the field.
109,Negative,109-E02,ON_PLAY,DISCARD_CARD,discardCard,Magic card(s) on the field,Immediate,FALSE,Discard 1 magic card from your hand and destroy 1 magic card on the field.
110,Chain Lightning,110-E01,ON_PLAY,DESTROY_ALL_MAGIC,destroyAllMagic,Opponent's primary creature,Immediate,TRUE,"Inflict 5 damage to your primary creature. Then, destroy all magic cards on the field. For each magic card destroyed, inflict 5 damage to your opponent’s primary creature."
110,Chain Lightning,110-E02,ON_PLAY,DAMAGE,damage,Opponent's primary creature,Immediate,TRUE,"Inflict 5 damage to your primary creature. Then, destroy all magic cards on the field. For each magic card destroyed, inflict 5 damage to your opponent’s primary creature."
111,Final Form,111-E01,WHILE_EQUIPPED,NEGATE_CREATURE_EFFECTS,negateCreatureEffects,Equipped creature,While equipped,TRUE,"Equip to a creature below 1/2 its base HP. The creature loses its effect. Replace its base Atk Dice Rolls and Modifier with Mutating Flesh, 6 dice, +6."
111,Final Form,111-E02,WHILE_EQUIPPED,REPLACE_ATTACK_PROFILE,replaceAttackProfile,Equipped creature,While equipped,TRUE,"Equip to a creature below 1/2 its base HP. The creature loses its effect. Replace its base Atk Dice Rolls and Modifier with Mutating Flesh, 6 dice, +6."
112,Bulwark,112-E01,WHILE_EQUIPPED,MANUAL_FALLBACK,manualFallback,Equipped creature,3 turn cycles,TRUE,Increase the equipped creature’s AL to 12 for 3 turn cycles.
113,Sasquatch,113-E01,WHEN_OPPONENT_PLAYS_MAGIC,NEGATE_CARD_EFFECT,negateCardEffect,Magic card(s) on the field,1 turn cycle,TRUE,Play this card from your hand when your opponent plays a magic card. Negate the card effect and send it to their cemetery. Your opponent then cannot use Lightning cards for 1 turn cycle.
113,Sasquatch,113-E02,WHEN_OPPONENT_PLAYS_MAGIC,PREVENT_CARD_PLAY,preventCardPlay,Magic card(s) on the field,1 turn cycle,TRUE,Play this card from your hand when your opponent plays a magic card. Negate the card effect and send it to their cemetery. Your opponent then cannot use Lightning cards for 1 turn cycle.
113,Sasquatch,113-E03,WHEN_OPPONENT_PLAYS_MAGIC,SEND_TO_CEMETERY,sendToCemetery,Magic card(s) on the field,1 turn cycle,TRUE,Play this card from your hand when your opponent plays a magic card. Negate the card effect and send it to their cemetery. Your opponent then cannot use Lightning cards for 1 turn cycle.
114,Carus Demon,114-E01,ON_SUMMON,DAMAGE,damage,All creatures matching condition,2 turn cycles,TRUE,"When summoned, all creatures on your opponent’s side of the field are put to sleep and cannot battle for 2 turn cycles. Any damage to the sleeping creatures ends this effect and destroys 1 magic card on the field of your choice."
114,Carus Demon,114-E02,ON_SUMMON,APPLY_STATUS,applyStatus,All creatures matching condition,2 turn cycles,TRUE,"When summoned, all creatures on your opponent’s side of the field are put to sleep and cannot battle for 2 turn cycles. Any damage to the sleeping creatures ends this effect and destroys 1 magic card on the field of your choice."
115,Shard Titan,115-E01,SUMMON_REQUIREMENT,SUMMON_REQUIREMENT,validateSummonRequirement,Your primary creature,Immediate,TRUE,"Summon Requirement: Can only be summoned if your primary creature is Cosmic-type and has ""Strange Jewel"" equipped. You may sacrifice it to summon this card as your primary creature. If this card leaves the field, it returns to a magic card."
116,Strange Jewel,116-E01,WHILE_EQUIPPED,APPLY_STAT_MODIFIER,applyStatModifier,Equipped creature,While equipped,FALSE,Hit: +2.
117,Soul Drain,117-E01,WHILE_EQUIPPED,APPLY_STAT_MODIFIER,applyStatModifier,Equipped creature,While equipped,TRUE,Atk Dice Rolls: -1. Modifier: -1. Atk Dice Rolls cannot be reduced to 0.
118,Contaminate,118-E01,WHILE_EQUIPPED,APPLY_DAMAGE_OVER_TIME,applyDamageOverTime,Your primary creature,While equipped,TRUE,"Equip this card to your primary creature. Once per turn cycle the equipped creature receives 5 damage. When the equipped creature is killed by Atk damage, equip this card to the creature that killed it."
119,Orgar,119-E01,DURING_BATTLE,APPLY_STAT_MODIFIER,applyStatModifier,This creature,This turn/battle,TRUE,Apply the following to this card during battle: Atk Dice Rolls +2 against Humanoid-type creatures. Atk Dice Rolls -2 against Beast-type creatures.
120,Ooze Weaver,120-E01,STATIC_WHILE_ON_FIELD,PREVENT_DAMAGE,preventDamage,Magic card(s) on the field,Immediate,TRUE,"When a magic card is played or this card would receive Atk damage, choose 1 of the following: Take 15 damage to negate the magic card. Take 10 damage to negate the Atk damage. This creature is unaffected by magic cards."
120,Ooze Weaver,120-E02,STATIC_WHILE_ON_FIELD,DAMAGE,damage,Magic card(s) on the field,Immediate,TRUE,"When a magic card is played or this card would receive Atk damage, choose 1 of the following: Take 15 damage to negate the magic card. Take 10 damage to negate the Atk damage. This creature is unaffected by magic cards."
120,Ooze Weaver,120-E03,STATIC_WHILE_ON_FIELD,UNAFFECTED_BY_MAGIC,applyImmunity,Magic card(s) on the field,Immediate,TRUE,"When a magic card is played or this card would receive Atk damage, choose 1 of the following: Take 15 damage to negate the magic card. Take 10 damage to negate the Atk damage. This creature is unaffected by magic cards."
121,Ancient Sentinel,121-E01,STATIC_WHILE_ON_FIELD,APPLY_STAT_MODIFIER,applyStatModifier,Opponent's primary creature,Immediate,TRUE,This card’s Modifier is equal to your opponent’s current primary creature’s base SPD stat.
122,Dart Frog,122-E01,WHEN_THIS_CREATURE_KILLED,DAMAGE,damage,Equipped creature,Immediate,TRUE,"If this card is killed by a creature that is not holding a weapon, equip it to that creature as an Infinite equip magic card. The equipped creature receives 5 damage at the end of your turn."
123,Ashen Knight,123-E01,STATIC_WHILE_ON_FIELD,APPLY_STAT_MODIFIER,applyStatModifier,This creature,While on field,TRUE,"While this creature is below 40 HP, it gains Atk: +10. Hit: +10. AL: +2. SPD: +3."
124,Titan’s Amulet,124-E01,WHILE_EQUIPPED,DAMAGE,damage,Your primary creature,1 turn cycle,TRUE,Inflict 10 damage to your primary creature. For 1 turn cycle add Modifier: +10.
124,Titan’s Amulet,124-E02,WHILE_EQUIPPED,APPLY_STAT_MODIFIER,applyStatModifier,Your primary creature,1 turn cycle,TRUE,Inflict 10 damage to your primary creature. For 1 turn cycle add Modifier: +10.
125,Gaseous Horror,125-E01,WHEN_THIS_CREATURE_IS_HIT,DAMAGE,damage,This creature,Immediate,TRUE,"When this creature is hit, the attacking creature receives 5 damage. If this card is killed in battle, inflict 10 damage to the creature that killed it."
126,Arcane Power,126-E01,DURING_BATTLE,MANUAL_FALLBACK,manualFallback,Equipped creature,This turn/battle,TRUE,"During battle, reveal any number of cards from your hand. Increase the equipped creature’s Modifier for that battle by the number of cards revealed."
127,The Merchant,127-E01,ON_PLAY,DESTROY_MAGIC,destroyMagic,Equipped creature,While equipped,TRUE,When this card is played pick 1 of the following effects: AL: +4. Hit: +4. Heal 20 HP. Destroy 1 magic card.
127,The Merchant,127-E02,ON_PLAY,HEAL,heal,Equipped creature,While equipped,TRUE,When this card is played pick 1 of the following effects: AL: +4. Hit: +4. Heal 20 HP. Destroy 1 magic card.
127,The Merchant,127-E03,ON_PLAY,APPLY_STAT_MODIFIER,applyStatModifier,Equipped creature,While equipped,TRUE,When this card is played pick 1 of the following effects: AL: +4. Hit: +4. Heal 20 HP. Destroy 1 magic card.
128,Eye For An Eye,128-E01,ON_PLAY,MANUAL_FALLBACK,manualFallback,Target creature,Immediate,TRUE,All players may each exchange 1 card from their hand with 1 card in their cemetery. Creature for a Creature. Magic for a Magic.
129,Mysterious Orb,129-E01,BEGINNING_OF_YOUR_TURN,ROLL_TABLE,resolveRollTable,Equipped creature,1 turn cycle,TRUE,At the beginning of your turn roll 1 die. Gain the following for 1 turn cycle: 1-2: SPD: +6. 3-4: Atk: +6. 5-6: Hit: +6.
129,Mysterious Orb,129-E02,BEGINNING_OF_YOUR_TURN,APPLY_STAT_MODIFIER,applyStatModifier,Equipped creature,1 turn cycle,TRUE,At the beginning of your turn roll 1 die. Gain the following for 1 turn cycle: 1-2: SPD: +6. 3-4: Atk: +6. 5-6: Hit: +6.
131,Close Encounters,131-E01,WHILE_EQUIPPED,MOVE_CARD,moveCard,Equipped creature,3 turn cycles,TRUE,"Atk: +4. SPD: +4. AL: +4. If this card is destroyed, return it to your deck after 3 turn cycles. Shuffle."
131,Close Encounters,131-E02,WHILE_EQUIPPED,SHUFFLE_DECK,shuffleDeck,Equipped creature,3 turn cycles,TRUE,"Atk: +4. SPD: +4. AL: +4. If this card is destroyed, return it to your deck after 3 turn cycles. Shuffle."
131,Close Encounters,131-E03,WHILE_EQUIPPED,APPLY_STAT_MODIFIER,applyStatModifier,Equipped creature,3 turn cycles,TRUE,"Atk: +4. SPD: +4. AL: +4. If this card is destroyed, return it to your deck after 3 turn cycles. Shuffle."
132,Woodland Elf,132-E01,BEFORE_HIT_ROLL,DAMAGE,damage,This creature,Immediate,TRUE,"During each battle, prior to your Hit Dice Roll, roll 1 die. If the result is: 1-2: +10 Atk damage. 3-4: Target’s Modifier reduced to 0. 5-6: Target’s AL reduced by 5."
132,Woodland Elf,132-E02,BEFORE_HIT_ROLL,ROLL_TABLE,resolveRollTable,This creature,Immediate,TRUE,"During each battle, prior to your Hit Dice Roll, roll 1 die. If the result is: 1-2: +10 Atk damage. 3-4: Target’s Modifier reduced to 0. 5-6: Target’s AL reduced by 5."
132,Woodland Elf,132-E03,BEFORE_HIT_ROLL,APPLY_STAT_MODIFIER,applyStatModifier,This creature,Immediate,TRUE,"During each battle, prior to your Hit Dice Roll, roll 1 die. If the result is: 1-2: +10 Atk damage. 3-4: Target’s Modifier reduced to 0. 5-6: Target’s AL reduced by 5."
134,Orc Berserker,134-E01,WHEN_THIS_CREATURE_KILLED,HEAL,heal,This creature,While on field,TRUE,"If this card is killed, instead, heal it to 5 HP. This effect can only occur once while this card is on the field."
135,Ironfist Dwarf,135-E01,DURING_BATTLE,DAMAGE,damage,This creature,This turn/battle,TRUE,"During your turn, if this creature inflicts 5 or less Atk damage during battle, it may initiate battle again without the targeted creature being able to return attack. This effect can occur up to 5 times."
136,Chaos Demon,136-E01,DURING_YOUR_TURN_ACTIVATED,DAMAGE,damage,This creature,This turn/battle,TRUE,"During your turn, this card may add +3 Atk Dice Rolls for this battle. If this effect is used and it fails to kill the targeted creature, this creature receives 1/2 the damage it dealt."
136,Chaos Demon,136-E02,DURING_YOUR_TURN_ACTIVATED,APPLY_STAT_MODIFIER,applyStatModifier,This creature,This turn/battle,TRUE,"During your turn, this card may add +3 Atk Dice Rolls for this battle. If this effect is used and it fails to kill the targeted creature, this creature receives 1/2 the damage it dealt."
137,Gnometheon,137-E01,STATIC_WHILE_ON_FIELD,MANUAL_FALLBACK,manualFallback,This creature,Immediate,TRUE,"Gain +1 Atk Dice Rolls and +1 Modifier for each ""Gnome"" named card in your hand. Gnomes sacrificed to summon this card are placed under it and count as cards in your hand. If this card leaves the field or changes control, the cards under follow it."
138,Flame Sentinel,138-E01,WHEN_OPPONENT_FINISHES_ATTACK,NEGATE_ATTACK,negateAttack,Equipped creature,2 turn cycles,TRUE,"When your opponent finishes their attack, play this card. Negate the attack and equip this card to the attacking creature. The equipped creature receives 10 damage once per turn cycle for 2 turn cycles."
138,Flame Sentinel,138-E02,WHEN_OPPONENT_FINISHES_ATTACK,APPLY_DAMAGE_OVER_TIME,applyDamageOverTime,Equipped creature,2 turn cycles,TRUE,"When your opponent finishes their attack, play this card. Negate the attack and equip this card to the attacking creature. The equipped creature receives 10 damage once per turn cycle for 2 turn cycles."
139,Last Goodbye,139-E01,END_OF_YOUR_TURN,LIMITED_SUMMON,limitedSummon,Equipped creature,While equipped,TRUE,"Summon a creature from your cemetery as a Limited Summon. At the end of your turn, send this card and the equipped creature to the cemetery."
139,Last Goodbye,139-E02,END_OF_YOUR_TURN,SEND_TO_CEMETERY,sendToCemetery,Equipped creature,While equipped,TRUE,"Summon a creature from your cemetery as a Limited Summon. At the end of your turn, send this card and the equipped creature to the cemetery."
140,Might of the Shaman,140-E01,WHILE_EQUIPPED,APPLY_STAT_MODIFIER,applyStatModifier,Equipped creature,While equipped,FALSE,SPD: +6. Atk Dice Rolls: +2.
141,The Iron Man,141-E01,STATIC_WHILE_ON_FIELD,MANUAL_FALLBACK,manualFallback,Target creature,2 turn cycles,TRUE,"For 2 turn cycles your opponents’ creatures’ Atk Dice Rolls, Hit Dice Rolls, AL, and SPD are set to 1. This effect supersedes any increases."
142,Inversion,142-E01,STATIC_WHILE_ON_FIELD,MANUAL_FALLBACK,manualFallback,Target / controller as specified by card text,While on field,TRUE,Players must play with their decks flipped upside down. Their bottom card will be showing face up.
143,Succubus,143-E01,STATIC_WHILE_ON_FIELD,HEAL,heal,This creature,Immediate,TRUE,This creature heals for 1/2 the Atk damage it inflicts. Any excess healing above its max HP is also dealt to the target as damage.
143,Succubus,143-E02,STATIC_WHILE_ON_FIELD,DAMAGE,damage,This creature,Immediate,TRUE,This creature heals for 1/2 the Atk damage it inflicts. Any excess healing above its max HP is also dealt to the target as damage.
144,The Wither,144-E01,STATIC_WHILE_ON_FIELD,APPLY_STAT_MODIFIER,applyStatModifier,Magic card(s) on the field,Immediate,TRUE,"If this card attacks a creature that has the magic card ""Fear"" equipped to it, add Atk Dice Rolls +2 and Modifier +2."
145,Eagle Knight,145-E01,DURING_BATTLE,PREVENT_DAMAGE,preventDamage,Target creature,This turn/battle,TRUE,During battle play this card from your hand. Negate any damage for a creature for the remainder of this turn.
145,Eagle Knight,145-E02,DURING_BATTLE,DAMAGE,damage,Target creature,This turn/battle,TRUE,During battle play this card from your hand. Negate any damage for a creature for the remainder of this turn.
146,Constructed Pylon,146-E01,STATIC_WHILE_ON_FIELD,DESTROY_MAGIC,destroyMagic,Magic card(s) on the field,While on field,TRUE,"Play this card to your side of the field. This card fills 3 empty Infinite magic slots on your opponents side of the field. On your turn your opponent may roll 1 die, if 4-6 destroy this card."
146,Constructed Pylon,146-E02,STATIC_WHILE_ON_FIELD,ROLL_TABLE,resolveRollTable,Target / controller as specified by card text,While on field,TRUE,"Play this card to your side of the field. This card fills 3 empty Infinite magic slots on your opponents side of the field. On your turn your opponent may roll 1 die, if 4-6 destroy this card."
147,Friend Like You,147-E01,WHEN_THIS_CREATURE_KILLED,DAMAGE,damage,Your primary creature,Immediate,TRUE,"If this card is killed by Atk damage, you may summon 1 ""The Creator"" creature from your hand or deck as your primary creature at no sacrifice cost. Shuffle."
147,Friend Like You,147-E02,WHEN_THIS_CREATURE_KILLED,SHUFFLE_DECK,shuffleDeck,Your primary creature,Immediate,TRUE,"If this card is killed by Atk damage, you may summon 1 ""The Creator"" creature from your hand or deck as your primary creature at no sacrifice cost. Shuffle."
149,Sprite,149-E01,STATIC_WHILE_ON_FIELD,MANUAL_FALLBACK,manualFallback,This creature,Immediate,TRUE,This creature can only be hit in battle if one of the attacking creature’s Hit Dice Rolls is a 3 or 4. This creature’s AL cannot increase.
150,Tri-Dragon,150-E01,STATIC_WHILE_ON_FIELD,DAMAGE,damage,This creature,Immediate,TRUE,"If this creature’s Hit Dice match, it inflicts 3x Atk damage. This creature cannot critical Hit/Miss."
150,Tri-Dragon,150-E02,STATIC_WHILE_ON_FIELD,APPLY_ATTACK_DAMAGE_MULTIPLIER,applyAttackDamageMultiplier,This creature,Immediate,TRUE,"If this creature’s Hit Dice match, it inflicts 3x Atk damage. This creature cannot critical Hit/Miss."
151,Eagle Family,151-E01,STATIC_WHILE_ON_FIELD,DAMAGE,damage,This creature,Immediate,TRUE,"Whenever this creature is damaged, your opponent(s) must roll 2 dice of damage against themselves."
